Index,Chemical,Count
Jan-09,Ammonium,1
Jan-09,Anionic active surfactants,0
Jan-09,Bicarbonates,1
Jan-09,Biochemical Oxygen,0
Jan-09,Chemical Oxygen Demand (Cr),1
Jan-09,Chemical Oxygen Demand (Mn),0
Jan-09,Chlorides,1
Jan-09,Dissolved oxygen,0
Jan-09,Iron,1
Jan-09,Manganese,0
Jan-09,Nitrates,0
Jan-09,Nitrites,0
Jan-09,Orthophosphate-phosphorus,1
Jan-09,Oxygen saturation,1
Jan-09,Sulphates,0
Jan-09,Total dissolved salts,1
Jan-09,Total phosphorus,1
Jan-09,Water temperature,0
Feb-09,Ammonium,1
Feb-09,Anionic active surfactants,0
Feb-09,Bicarbonates,1
Feb-09,Biochemical Oxygen,0
Feb-09,Chemical Oxygen Demand (Cr),1
Feb-09,Chemical Oxygen Demand (Mn),0
Feb-09,Chlorides,1
Feb-09,Dissolved oxygen,0
Feb-09,Iron,0
Feb-09,Nitrates,0
Feb-09,Nitrites,0
Feb-09,Orthophosphate-phosphorus,0
Feb-09,Oxygen saturation,1
Feb-09,Sulphates,0
Feb-09,Total dissolved salts,1
Feb-09,Total phosphorus,1
Feb-09,Water temperature,0
Mar-09,Ammonium,0
Mar-09,Bicarbonates,1
Mar-09,Biochemical Oxygen,0
Mar-09,Chemical Oxygen Demand (Cr),1
Mar-09,Chemical Oxygen Demand (Mn),0
Mar-09,Dissolved oxygen,0
Mar-09,Manganese,0
Mar-09,Nitrates,0
Mar-09,Nitrites,0
Mar-09,Orthophosphate-phosphorus,1
Mar-09,Oxygen saturation,1
Mar-09,Total dissolved salts,1
Mar-09,Total phosphorus,1
Mar-09,Water temperature,0
Apr-09,Ammonium,0
Apr-09,Anionic active surfactants,0
Apr-09,Bicarbonates,0
Apr-09,Biochemical Oxygen,0
Apr-09,Chemical Oxygen Demand (Cr),1
Apr-09,Chemical Oxygen Demand (Mn),0
Apr-09,Chlorides,0
Apr-09,Dissolved oxygen,0
Apr-09,Dissolved silicates,0
Apr-09,Iron,0
Apr-09,Manganese,0
Apr-09,Nitrates,0
Apr-09,Nitrites,0
Apr-09,Orthophosphate-phosphorus,0
Apr-09,Oxygen saturation,1
Apr-09,Total dissolved salts,1
Apr-09,Total phosphorus,1
Apr-09,Water temperature,0
Apr-09,Zinc,0
May-09,Ammonium,0
May-09,Anionic active surfactants,0
May-09,Bicarbonates,0
May-09,Biochemical Oxygen,0
May-09,Chemical Oxygen Demand (Cr),1
May-09,Chemical Oxygen Demand (Mn),0
May-09,Chlorides,0
May-09,Chromium,0
May-09,Copper,0
May-09,Dissolved oxygen,0
May-09,Dissolved silicates,0
May-09,Iron,0
May-09,Manganese,0
May-09,Nitrates,0
May-09,Nitrites,0
May-09,Orthophosphate-phosphorus,0
May-09,Oxygen saturation,1
May-09,Total dissolved salts,0
May-09,Total phosphorus,1
May-09,Water temperature,0
May-09,Zinc,0
Jun-09,Ammonium,0
Jun-09,Bicarbonates,0
Jun-09,Biochemical Oxygen,0
Jun-09,Chemical Oxygen Demand (Cr),1
Jun-09,Chemical Oxygen Demand (Mn),1
Jun-09,Chlorides,1
Jun-09,Dissolved oxygen,0
Jun-09,Dissolved silicates,0
Jun-09,Iron,0
Jun-09,Manganese,1
Jun-09,Nitrates,0
Jun-09,Nitrites,0
Jun-09,Orthophosphate-phosphorus,0
Jun-09,Oxygen saturation,1
Jun-09,Total dissolved salts,0
Jun-09,Total phosphorus,1
Jun-09,Water temperature,0
Jul-09,Aldrin,0
Jul-09,Ammonium,0
Jul-09,Anionic active surfactants,0
Jul-09,Anthracene,0
Jul-09,Atrazine,0
Jul-09,Benzo(a)anthracene,0
Jul-09,Benzo(a)pyrene,0
Jul-09,Benzo(b)fluoranthene,0
Jul-09,"Benzo(g,h,i)perylene",0
Jul-09,Benzo(k)fluoranthene,0
Jul-09,Bicarbonates,0
Jul-09,Biochemical Oxygen,0
Jul-09,Chemical Oxygen Demand (Cr),1
Jul-09,Chemical Oxygen Demand (Mn),0
Jul-09,Chlorides,1
Jul-09,Chromium,0
Jul-09,Copper,0
Jul-09,Dieldrin,0
Jul-09,Dissolved oxygen,0
Jul-09,Dissolved silicates,0
Jul-09,Endrin,0
Jul-09,Fluoranthene,0
Jul-09,"Indeno(1,2,3-c,d)pyrene",0
Jul-09,Iron,1
Jul-09,Manganese,1
Jul-09,Naphthalene,0
Jul-09,Nitrates,0
Jul-09,Nitrites,0
Jul-09,Orthophosphate-phosphorus,1
Jul-09,Oxygen saturation,1
Jul-09,Phenanthrene,0
Jul-09,Simazine,0
Jul-09,Total dissolved salts,1
Jul-09,Total phosphorus,1
Jul-09,Water temperature,0
Jul-09,Zinc,0
Jul-09,gamma-Hexachlorocyclohexane,0
Aug-09,Ammonium,0
Aug-09,Biochemical Oxygen,0
Aug-09,Chemical Oxygen Demand (Cr),1
Aug-09,Chemical Oxygen Demand (Mn),0
Aug-09,Dissolved oxygen,0
Aug-09,Dissolved silicates,0
Aug-09,Nitrates,0
Aug-09,Nitrites,0
Aug-09,Orthophosphate-phosphorus,0
Aug-09,Oxygen saturation,1
Aug-09,Total dissolved salts,1
Aug-09,Total phosphorus,1
Aug-09,Water temperature,0
Sep-09,Ammonium,0
Sep-09,Anionic active surfactants,0
Sep-09,Bicarbonates,0
Sep-09,Biochemical Oxygen,0
Sep-09,Chemical Oxygen Demand (Cr),1
Sep-09,Chemical Oxygen Demand (Mn),0
Sep-09,Chlorides,0
Sep-09,Chromium,0
Sep-09,Copper,0
Sep-09,Dissolved oxygen,0
Sep-09,Dissolved silicates,0
Sep-09,Iron,0
Sep-09,Manganese,1
Sep-09,Nitrates,0
Sep-09,Nitrites,0
Sep-09,Orthophosphate-phosphorus,1
Sep-09,Oxygen saturation,1
Sep-09,Total dissolved salts,1
Sep-09,Total phosphorus,1
Sep-09,Water temperature,0
Sep-09,Zinc,0
Oct-09,Ammonium,1
Oct-09,Anionic active surfactants,0
Oct-09,Anthracene,0
Oct-09,Benzo(a)anthracene,0
Oct-09,Benzo(a)pyrene,0
Oct-09,Benzo(b)fluoranthene,0
Oct-09,"Benzo(g,h,i)perylene",0
Oct-09,Benzo(k)fluoranthene,0
Oct-09,Bicarbonates,0
Oct-09,Biochemical Oxygen,0
Oct-09,Chemical Oxygen Demand (Cr),1
Oct-09,Chemical Oxygen Demand (Mn),0
Oct-09,Chlorides,0
Oct-09,Chromium,0
Oct-09,Copper,0
Oct-09,Dissolved oxygen,0
Oct-09,Dissolved silicates,0
Oct-09,Fluoranthene,0
Oct-09,"Indeno(1,2,3-c,d)pyrene",0
Oct-09,Iron,0
Oct-09,Manganese,1
Oct-09,Naphthalene,0
Oct-09,Nitrates,0
Oct-09,Nitrites,0
Oct-09,Orthophosphate-phosphorus,0
Oct-09,Oxygen saturation,1
Oct-09,Phenanthrene,0
Oct-09,Total dissolved salts,1
Oct-09,Total phosphorus,1
Oct-09,Water temperature,0
Oct-09,Zinc,0
Nov-09,Ammonium,1
Nov-09,Anionic active surfactants,0
Nov-09,Bicarbonates,1
Nov-09,Biochemical Oxygen,0
Nov-09,Chemical Oxygen Demand (Cr),1
Nov-09,Chemical Oxygen Demand (Mn),0
Nov-09,Chlorides,0
Nov-09,Dissolved oxygen,0
Nov-09,Dissolved silicates,0
Nov-09,Iron,0
Nov-09,Manganese,0
Nov-09,Nitrates,0
Nov-09,Nitrites,0
Nov-09,Orthophosphate-phosphorus,1
Nov-09,Oxygen saturation,1
Nov-09,Total dissolved salts,0
Nov-09,Total phosphorus,1
Nov-09,Water temperature,0
Dec-09,Ammonium,1
Dec-09,Anionic active surfactants,0
Dec-09,Bicarbonates,1
Dec-09,Biochemical Oxygen,0
Dec-09,Chemical Oxygen Demand (Cr),1
Dec-09,Chemical Oxygen Demand (Mn),0
Dec-09,Chlorides,0
Dec-09,Dissolved oxygen,0
Dec-09,Dissolved silicates,0
Dec-09,Iron,0
Dec-09,Manganese,0
Dec-09,Nitrates,0
Dec-09,Nitrites,0
Dec-09,Orthophosphate-phosphorus,0
Dec-09,Oxygen saturation,1
Dec-09,Total dissolved salts,0
Dec-09,Total phosphorus,1
Dec-09,Water temperature,0
Jan-10,Ammonium,2
Jan-10,Bicarbonates,1
Jan-10,Biochemical Oxygen,0
Jan-10,Calcium,1
Jan-10,Chemical Oxygen Demand (Cr),0
Jan-10,Chemical Oxygen Demand (Mn),0
Jan-10,Chlorides,0
Jan-10,Chromium,0
Jan-10,Copper,0
Jan-10,Dissolved oxygen,0
Jan-10,Dissolved silicates,0
Jan-10,Inorganic nitrogen,2
Jan-10,Magnesium,0
Jan-10,Nickel,0
Jan-10,Nitrates,0
Jan-10,Nitrites,0
Jan-10,Orthophosphate-phosphorus,2
Jan-10,Oxygen saturation,1
Jan-10,Total dissolved salts,1
Jan-10,Total phosphorus,2
Jan-10,Water temperature,0
Jan-10,Zinc,0
Feb-10,Ammonium,2
Feb-10,Anionic active surfactants,1
Feb-10,Bicarbonates,1
Feb-10,Biochemical Oxygen,0
Feb-10,Chemical Oxygen Demand (Cr),1
Feb-10,Chlorides,1
Feb-10,Chromium,0
Feb-10,Copper,0
Feb-10,Dissolved oxygen,0
Feb-10,Dissolved silicates,0
Feb-10,Inorganic nitrogen,2
Feb-10,Iron,0
Feb-10,Manganese,0
Feb-10,Nickel,0
Feb-10,Nitrates,0
Feb-10,Nitrites,0
Feb-10,Orthophosphate-phosphorus,2
Feb-10,Oxygen saturation,1
Feb-10,Total dissolved salts,1
Feb-10,Total phosphorus,2
Feb-10,Water temperature,0
Feb-10,Zinc,0
Mar-10,Ammonium,3
Mar-10,Bicarbonates,1
Mar-10,Biochemical Oxygen,0
Mar-10,Cadmium,0
Mar-10,Chemical Oxygen Demand (Cr),1
Mar-10,Chromium,0
Mar-10,Copper,0
Mar-10,Dissolved oxygen,0
Mar-10,Dissolved silicates,0
Mar-10,Inorganic nitrogen,3
Mar-10,Lead,1
Mar-10,Nickel,0
Mar-10,Nitrates,0
Mar-10,Nitrites,0
Mar-10,Orthophosphate-phosphorus,1
Mar-10,Oxygen saturation,1
Mar-10,Total phosphorus,3
Mar-10,Water temperature,0
Mar-10,Zinc,0
Apr-10,Ammonium,1
Apr-10,Anionic active surfactants,0
Apr-10,Bicarbonates,1
Apr-10,Biochemical Oxygen,0
Apr-10,Cadmium,0
Apr-10,Chemical Oxygen Demand (Cr),1
Apr-10,Chromium,0
Apr-10,Copper,0
Apr-10,Dissolved oxygen,0
Apr-10,Dissolved silicates,0
Apr-10,Inorganic nitrogen,1
Apr-10,Iron,1
Apr-10,Lead,1
Apr-10,Manganese,0
Apr-10,Nickel,0
Apr-10,Nitrates,0
Apr-10,Nitrites,0
Apr-10,Orthophosphate-phosphorus,0
Apr-10,Oxygen saturation,1
Apr-10,Total dissolved salts,1
Apr-10,Total phosphorus,1
Apr-10,Water temperature,0
Apr-10,Zinc,0
May-10,Ammonium,2
May-10,Anionic active surfactants,0
May-10,Bicarbonates,0
May-10,Biochemical Oxygen,0
May-10,Chemical Oxygen Demand (Cr),1
May-10,Chlorides,0
May-10,Dissolved oxygen,0
May-10,Dissolved silicates,0
May-10,Inorganic nitrogen,2
May-10,Iron,0
May-10,Manganese,1
May-10,Nitrates,0
May-10,Nitrites,0
May-10,Orthophosphate-phosphorus,0
May-10,Oxygen saturation,1
May-10,Total dissolved salts,0
May-10,Total phosphorus,2
May-10,Water temperature,0
Jun-10,Ammonium,0
Jun-10,Anionic active surfactants,1
Jun-10,Bicarbonates,0
Jun-10,Biochemical Oxygen,0
Jun-10,Cadmium,0
Jun-10,Chemical Oxygen Demand (Cr),1
Jun-10,Chlorides,0
Jun-10,Chromium,0
Jun-10,Copper,0
Jun-10,Dissolved oxygen,0
Jun-10,Dissolved silicates,0
Jun-10,Inorganic nitrogen,2
Jun-10,Iron,0
Jun-10,Lead,1
Jun-10,Manganese,0
Jun-10,Nickel,0
Jun-10,Nitrates,0
Jun-10,Nitrites,0
Jun-10,Orthophosphate-phosphorus,0
Jun-10,Oxygen saturation,1
Jun-10,Total dissolved salts,1
Jun-10,Total phosphorus,2
Jun-10,Water temperature,0
Jun-10,Zinc,0
Jul-10,Ammonium,0
Jul-10,Anionic active surfactants,0
Jul-10,Bicarbonates,2
Jul-10,Cadmium,0
Jul-10,Chemical Oxygen Demand (Cr),1
Jul-10,Chlorides,0
Jul-10,Chromium,0
Jul-10,Copper,0
Jul-10,Dissolved oxygen,1
Jul-10,Dissolved silicates,0
Jul-10,Inorganic nitrogen,2
Jul-10,Iron,0
Jul-10,Lead,2
Jul-10,Manganese,0
Jul-10,Nickel,0
Jul-10,Nitrates,0
Jul-10,Nitrites,0
Jul-10,Orthophosphate-phosphorus,1
Jul-10,Oxygen saturation,1
Jul-10,Total phosphorus,3
Jul-10,Water temperature,0
Jul-10,Zinc,0
Aug-10,Ammonium,1
Aug-10,Anionic active surfactants,0
Aug-10,Cadmium,0
Aug-10,Chemical Oxygen Demand (Cr),1
Aug-10,Chlorides,0
Aug-10,Chromium,0
Aug-10,Copper,0
Aug-10,Dissolved oxygen,0
Aug-10,Dissolved silicates,1
Aug-10,Inorganic nitrogen,2
Aug-10,Iron,0
Aug-10,Lead,1
Aug-10,Manganese,1
Aug-10,Nickel,0
Aug-10,Nitrates,0
Aug-10,Nitrites,0
Aug-10,Orthophosphate-phosphorus,2
Aug-10,Oxygen saturation,1
Aug-10,Total phosphorus,2
Aug-10,Water temperature,0
Aug-10,Zinc,0
Sep-10,Ammonium,2
Sep-10,Bicarbonates,1
Sep-10,Chemical Oxygen Demand (Cr),1
Sep-10,Chlorides,0
Sep-10,Dissolved oxygen,0
Sep-10,Dissolved silicates,0
Sep-10,Inorganic nitrogen,2
Sep-10,Iron,0
Sep-10,Manganese,0
Sep-10,Nitrates,0
Sep-10,Nitrites,0
Sep-10,Orthophosphate-phosphorus,0
Sep-10,Oxygen saturation,1
Sep-10,Total dissolved salts,1
Sep-10,Total phosphorus,2
Sep-10,Water temperature,0
Oct-10,Ammonium,0
Oct-10,Anionic active surfactants,0
Oct-10,Bicarbonates,1
Oct-10,Chemical Oxygen Demand (Cr),1
Oct-10,Chlorides,0
Oct-10,Dissolved oxygen,0
Oct-10,Dissolved silicates,0
Oct-10,Inorganic nitrogen,2
Oct-10,Iron,0
Oct-10,Manganese,0
Oct-10,Nitrates,0
Oct-10,Nitrites,0
Oct-10,Orthophosphate-phosphorus,2
Oct-10,Oxygen saturation,1
Oct-10,Total dissolved salts,0
Oct-10,Total phosphorus,2
Oct-10,Water temperature,0
Nov-10,Ammonium,1
Nov-10,Anionic active surfactants,1
Nov-10,Bicarbonates,0
Nov-10,Chemical Oxygen Demand (Cr),1
Nov-10,Chlorides,0
Nov-10,Dissolved oxygen,0
Nov-10,Dissolved silicates,0
Nov-10,Inorganic nitrogen,2
Nov-10,Iron,0
Nov-10,Manganese,0
Nov-10,Nitrates,0
Nov-10,Nitrites,0
Nov-10,Orthophosphate-phosphorus,2
Nov-10,Oxygen saturation,1
Nov-10,Total dissolved salts,0
Nov-10,Total phosphorus,2
Nov-10,Water temperature,0
Dec-10,Ammonium,1
Dec-10,Anionic active surfactants,1
Dec-10,Chemical Oxygen Demand (Cr),1
Dec-10,Chlorides,0
Dec-10,Dissolved oxygen,0
Dec-10,Dissolved silicates,0
Dec-10,Iron,0
Dec-10,Manganese,1
Dec-10,Nitrates,0
Dec-10,Nitrites,0
Dec-10,Orthophosphate-phosphorus,1
Dec-10,Oxygen saturation,1
Dec-10,Total dissolved salts,1
Dec-10,Total phosphorus,1
Dec-10,Water temperature,0
Jan-11,Ammonium,1
Jan-11,Bicarbonates,0
Jan-11,Biochemical Oxygen,0
Jan-11,Chemical Oxygen Demand (Mn),0
Jan-11,Dissolved oxygen,0
Jan-11,Nitrates,0
Jan-11,Nitrites,0
Jan-11,Orthophosphate-phosphorus,1
Jan-11,Oxygen saturation,1
Jan-11,Total dissolved salts,1
Jan-11,Total phosphorus,1
Jan-11,Water temperature,0
Feb-11,Ammonium,2
Feb-11,Anionic active surfactants,0
Feb-11,Bicarbonates,0
Feb-11,Biochemical Oxygen,0
Feb-11,Chemical Oxygen Demand (Cr),1
Feb-11,Chlorides,0
Feb-11,Dissolved oxygen,0
Feb-11,Iron,0
Feb-11,Manganese,1
Feb-11,Nitrates,0
Feb-11,Nitrites,0
Feb-11,Orthophosphate-phosphorus,2
Feb-11,Oxygen saturation,1
Feb-11,Total dissolved salts,0
Feb-11,Total phosphorus,2
Feb-11,Water temperature,0
Mar-11,Ammonium,3
Mar-11,Bicarbonates,0
Mar-11,Biochemical Oxygen,0
Mar-11,Chemical Oxygen Demand (Cr),1
Mar-11,Dissolved oxygen,0
Mar-11,Nitrates,0
Mar-11,Nitrites,0
Mar-11,Orthophosphate-phosphorus,3
Mar-11,Oxygen saturation,1
Mar-11,Total dissolved salts,0
Mar-11,Total phosphorus,3
Mar-11,Water temperature,0
Apr-11,Ammonium,0
Apr-11,Anionic active surfactants,0
Apr-11,Arsenic,0
Apr-11,Bicarbonates,0
Apr-11,Biochemical Oxygen,0
Apr-11,Cadmium,0
Apr-11,Chemical Oxygen Demand (Cr),1
Apr-11,Chlorides,0
Apr-11,Chromium,0
Apr-11,Copper,0
Apr-11,Dissolved oxygen,0
Apr-11,Iron,0
Apr-11,Lead,0
Apr-11,Manganese,1
Apr-11,Nickel,0
Apr-11,Nitrates,0
Apr-11,Nitrites,0
Apr-11,Orthophosphate-phosphorus,1
Apr-11,Oxygen saturation,1
Apr-11,Total dissolved salts,0
Apr-11,Total phosphorus,1
Apr-11,Water temperature,0
Apr-11,Zinc,0
May-11,Ammonium,1
May-11,Bicarbonates,0
May-11,Biochemical Oxygen,0
May-11,Chemical Oxygen Demand (Cr),1
May-11,Dissolved oxygen,0
May-11,Nitrates,0
May-11,Nitrites,0
May-11,Orthophosphate-phosphorus,2
May-11,Oxygen saturation,1
May-11,Total dissolved salts,1
May-11,Total phosphorus,2
May-11,Water temperature,0
Jun-11,Ammonium,0
Jun-11,Anionic active surfactants,0
Jun-11,Bicarbonates,0
Jun-11,Biochemical Oxygen,0
Jun-11,Chemical Oxygen Demand (Cr),1
Jun-11,Chlorides,0
Jun-11,Copper,1
Jun-11,Dissolved oxygen,0
Jun-11,Iron,0
Jun-11,Manganese,1
Jun-11,Nitrates,0
Jun-11,Nitrites,0
Jun-11,Orthophosphate-phosphorus,2
Jun-11,Oxygen saturation,1
Jun-11,Total dissolved salts,0
Jun-11,Total phosphorus,2
Jun-11,Water temperature,0
Jun-11,Zinc,0
Jul-11,Ammonium,1
Jul-11,Anionic active surfactants,0
Jul-11,Bicarbonates,0
Jul-11,Biochemical Oxygen,0
Jul-11,Chemical Oxygen Demand (Cr),1
Jul-11,Chlorides,0
Jul-11,Dissolved oxygen,0
Jul-11,Iron,0
Jul-11,Manganese,1
Jul-11,Nitrates,0
Jul-11,Nitrites,0
Jul-11,Orthophosphate-phosphorus,2
Jul-11,Oxygen saturation,1
Jul-11,Total dissolved salts,0
Jul-11,Total phosphorus,2
Jul-11,Water temperature,0
Aug-11,Ammonium,0
Aug-11,Bicarbonates,0
Aug-11,Biochemical Oxygen,0
Aug-11,Chemical Oxygen Demand (Cr),1
Aug-11,Dissolved oxygen,0
Aug-11,Nitrates,0
Aug-11,Nitrites,0
Aug-11,Orthophosphate-phosphorus,2
Aug-11,Oxygen saturation,1
Aug-11,Total dissolved salts,0
Aug-11,Total phosphorus,2
Aug-11,Water temperature,0
Sep-11,Ammonium,0
Sep-11,Anionic active surfactants,0
Sep-11,Bicarbonates,0
Sep-11,Biochemical Oxygen,0
Sep-11,Chemical Oxygen Demand (Cr),1
Sep-11,Chlorides,0
Sep-11,Copper,1
Sep-11,Dissolved oxygen,0
Sep-11,Iron,0
Sep-11,Manganese,1
Sep-11,Nitrates,0
Sep-11,Nitrites,0
Sep-11,Orthophosphate-phosphorus,1
Sep-11,Oxygen saturation,1
Sep-11,Total dissolved salts,0
Sep-11,Total phosphorus,2
Sep-11,Water temperature,0
Sep-11,Zinc,0
Oct-11,Ammonium,1
Oct-11,Bicarbonates,0
Oct-11,Biochemical Oxygen,0
Oct-11,Chemical Oxygen Demand (Cr),1
Oct-11,Dissolved oxygen,0
Oct-11,Nitrates,0
Oct-11,Nitrites,0
Oct-11,Orthophosphate-phosphorus,2
Oct-11,Oxygen saturation,1
Oct-11,Total dissolved salts,1
Oct-11,Total phosphorus,2
Oct-11,Water temperature,0
Nov-11,Ammonium,1
Nov-11,Anionic active surfactants,0
Nov-11,Bicarbonates,0
Nov-11,Biochemical Oxygen,0
Nov-11,Chemical Oxygen Demand (Cr),1
Nov-11,Chlorides,0
Nov-11,Copper,0
Nov-11,Dissolved oxygen,0
Nov-11,Iron,0
Nov-11,Manganese,1
Nov-11,Nitrates,0
Nov-11,Nitrites,0
Nov-11,Orthophosphate-phosphorus,2
Nov-11,Oxygen saturation,1
Nov-11,Total dissolved salts,0
Nov-11,Total phosphorus,2
Nov-11,Water temperature,0
Nov-11,Zinc,0
Dec-11,Ammonium,0
Dec-11,Bicarbonates,0
Dec-11,Biochemical Oxygen,0
Dec-11,Chemical Oxygen Demand (Cr),1
Dec-11,Dissolved oxygen,0
Dec-11,Nitrates,0
Dec-11,Nitrites,0
Dec-11,Orthophosphate-phosphorus,1
Dec-11,Oxygen saturation,1
Dec-11,Total dissolved salts,0
Dec-11,Total phosphorus,1
Dec-11,Water temperature,0
Jan-12,Ammonium,2
Jan-12,Anionic active surfactants,0
Jan-12,Bicarbonates,0
Jan-12,Biochemical Oxygen,0
Jan-12,Chemical Oxygen Demand (Cr),1
Jan-12,Chlorides,0
Jan-12,Dissolved oxygen,0
Jan-12,Iron,0
Jan-12,Manganese,1
Jan-12,Nitrates,0
Jan-12,Nitrites,0
Jan-12,Orthophosphate-phosphorus,2
Jan-12,Oxygen saturation,1
Jan-12,Total dissolved salts,1
Jan-12,Total phosphorus,2
Jan-12,Water temperature,0
Feb-12,Ammonium,1
Feb-12,Nitrates,0
Feb-12,Nitrites,0
Feb-12,Orthophosphate-phosphorus,0
Feb-12,Total phosphorus,1
Feb-12,Water temperature,0
Mar-12,Ammonium,3
Mar-12,Anionic active surfactants,0
Mar-12,Bicarbonates,0
Mar-12,Biochemical Oxygen,0
Mar-12,Chemical Oxygen Demand (Cr),2
Mar-12,Chlorides,0
Mar-12,Copper,0
Mar-12,Dissolved oxygen,0
Mar-12,Iron,0
Mar-12,Manganese,1
Mar-12,Nitrates,0
Mar-12,Nitrites,0
Mar-12,Orthophosphate-phosphorus,3
Mar-12,Oxygen saturation,2
Mar-12,Total dissolved salts,2
Mar-12,Total phosphorus,3
Mar-12,Water temperature,0
Mar-12,Zinc,0
Apr-12,Ammonium,2
Apr-12,Bicarbonates,0
Apr-12,Biochemical Oxygen,0
Apr-12,Chemical Oxygen Demand (Cr),1
Apr-12,Dissolved oxygen,0
Apr-12,Nitrates,0
Apr-12,Nitrites,0
Apr-12,Orthophosphate-phosphorus,2
Apr-12,Oxygen saturation,1
Apr-12,Total dissolved salts,0
Apr-12,Total phosphorus,2
Apr-12,Water temperature,0
May-12,Ammonium,3
May-12,Anionic active surfactants,0
May-12,Bicarbonates,0
May-12,Biochemical Oxygen,0
May-12,Chemical Oxygen Demand (Cr),1
May-12,Chlorides,0
May-12,Dissolved oxygen,0
May-12,Iron,0
May-12,Manganese,1
May-12,Nitrates,0
May-12,Nitrites,0
May-12,Orthophosphate-phosphorus,3
May-12,Oxygen saturation,1
May-12,Total dissolved salts,0
May-12,Total phosphorus,3
May-12,Water temperature,0
Jul-12,Ammonium,2
Jul-12,Anionic active surfactants,0
Jul-12,Biochemical Oxygen,0
Jul-12,Chemical Oxygen Demand (Cr),2
Jul-12,Chlorides,0
Jul-12,Dissolved oxygen,0
Jul-12,Iron,1
Jul-12,Manganese,1
Jul-12,Nitrates,0
Jul-12,Nitrites,0
Jul-12,Orthophosphate-phosphorus,1
Jul-12,Oxygen saturation,2
Jul-12,Total dissolved salts,0
Jul-12,Total phosphorus,2
Jul-12,Water temperature,0
Aug-12,Ammonium,0
Aug-12,Bicarbonates,0
Aug-12,Biochemical Oxygen,0
Aug-12,Chemical Oxygen Demand (Cr),1
Aug-12,Dissolved oxygen,0
Aug-12,Macrozoobenthos,0
Aug-12,Nitrates,0
Aug-12,Nitrites,0
Aug-12,Orthophosphate-phosphorus,2
Aug-12,Oxygen saturation,1
Aug-12,Total dissolved salts,0
Aug-12,Total phosphorus,2
Aug-12,Water temperature,0
Sep-12,Ammonium,0
Sep-12,Anionic active surfactants,0
Sep-12,Bicarbonates,0
Sep-12,Biochemical Oxygen,0
Sep-12,Chemical Oxygen Demand (Cr),1
Sep-12,Chlorides,0
Sep-12,Dissolved oxygen,0
Sep-12,Iron,1
Sep-12,Macrozoobenthos,0
Sep-12,Manganese,1
Sep-12,Nitrates,0
Sep-12,Nitrites,0
Sep-12,Orthophosphate-phosphorus,2
Sep-12,Oxygen saturation,1
Sep-12,Total dissolved salts,0
Sep-12,Total phosphorus,2
Sep-12,Water temperature,0
Oct-12,Ammonium,2
Oct-12,Bicarbonates,0
Oct-12,Biochemical Oxygen,0
Oct-12,Chemical Oxygen Demand (Cr),0
Oct-12,Dissolved oxygen,0
Oct-12,Nitrates,0
Oct-12,Nitrites,0
Oct-12,Orthophosphate-phosphorus,2
Oct-12,Oxygen saturation,1
Oct-12,Total dissolved salts,0
Oct-12,Total phosphorus,2
Oct-12,Water temperature,0
Nov-12,Ammonium,1
Nov-12,Anionic active surfactants,0
Nov-12,Bicarbonates,0
Nov-12,Biochemical Oxygen,0
Nov-12,Chemical Oxygen Demand (Cr),1
Nov-12,Dissolved oxygen,0
Nov-12,Iron,0
Nov-12,Manganese,0
Nov-12,Nitrates,0
Nov-12,Nitrites,0
Nov-12,Orthophosphate-phosphorus,2
Nov-12,Oxygen saturation,1
Nov-12,Total dissolved salts,1
Nov-12,Total phosphorus,2
Nov-12,Water temperature,0
Dec-12,Ammonium,2
Dec-12,Bicarbonates,0
Dec-12,Dissolved oxygen,0
Dec-12,Nitrates,0
Dec-12,Nitrites,0
Dec-12,Orthophosphate-phosphorus,1
Dec-12,Oxygen saturation,1
Dec-12,Total dissolved salts,0
Dec-12,Total phosphorus,2
Dec-12,Water temperature,0
Jan-13,Ammonium,1
Jan-13,Biochemical Oxygen,0
Jan-13,Chemical Oxygen Demand (Cr),1
Jan-13,Chemical Oxygen Demand (Mn),0
Jan-13,Dissolved oxygen,0
Jan-13,Nitrates,0
Jan-13,Nitrites,0
Jan-13,Orthophosphate-phosphorus,1
Jan-13,Oxygen saturation,1
Jan-13,Total nitrogen,1
Jan-13,Total organic carbon,0
Jan-13,Total phosphorus,1
Jan-13,Water temperature,0
Feb-13,Ammonium,1
Feb-13,Anionic active surfactants,0
Feb-13,Bicarbonates,0
Feb-13,Biochemical Oxygen,0
Feb-13,Calcium,1
Feb-13,Chemical Oxygen Demand (Cr),1
Feb-13,Chemical Oxygen Demand (Mn),0
Feb-13,Chlorides,0
Feb-13,Dissolved oxygen,0
Feb-13,Magnesium,0
Feb-13,Manganese,0
Feb-13,Nitrates,0
Feb-13,Nitrites,0
Feb-13,Orthophosphate-phosphorus,1
Feb-13,Oxygen saturation,1
Feb-13,Sulphates,0
Feb-13,Total dissolved salts,1
Feb-13,Total nitrogen,1
Feb-13,Total organic carbon,0
Feb-13,Total phosphorus,1
Feb-13,Water temperature,0
Mar-13,Ammonium,1
Mar-13,Biochemical Oxygen,0
Mar-13,Chemical Oxygen Demand (Cr),1
Mar-13,Chemical Oxygen Demand (Mn),0
Mar-13,Dissolved oxygen,0
Mar-13,Nitrates,0
Mar-13,Nitrites,0
Mar-13,Orthophosphate-phosphorus,1
Mar-13,Oxygen saturation,1
Mar-13,Total nitrogen,1
Mar-13,Total organic carbon,0
Mar-13,Total phosphorus,1
Mar-13,Water temperature,0
Apr-13,Ammonium,0
Apr-13,Anionic active surfactants,0
Apr-13,Bicarbonates,0
Apr-13,Biochemical Oxygen,0
Apr-13,Calcium,1
Apr-13,Chemical Oxygen Demand (Cr),1
Apr-13,Chemical Oxygen Demand (Mn),0
Apr-13,Chlorides,0
Apr-13,Dissolved oxygen,0
Apr-13,Magnesium,0
Apr-13,Manganese,0
Apr-13,Nitrates,0
Apr-13,Nitrites,0
Apr-13,Orthophosphate-phosphorus,1
Apr-13,Oxygen saturation,1
Apr-13,Sulphates,0
Apr-13,Total dissolved salts,1
Apr-13,Total nitrogen,1
Apr-13,Total organic carbon,0
Apr-13,Total phosphorus,1
Apr-13,Water temperature,0
May-13,Ammonium,0
May-13,Biochemical Oxygen,0
May-13,Chemical Oxygen Demand (Cr),1
May-13,Chemical Oxygen Demand (Mn),0
May-13,Dissolved oxygen,0
May-13,Nitrates,0
May-13,Nitrites,0
May-13,Orthophosphate-phosphorus,1
May-13,Oxygen saturation,1
May-13,Total nitrogen,1
May-13,Total organic carbon,0
May-13,Total phosphorus,1
May-13,Water temperature,0
Jun-13,Ammonium,0
Jun-13,Anionic active surfactants,0
Jun-13,Bicarbonates,0
Jun-13,Biochemical Oxygen,0
Jun-13,Calcium,1
Jun-13,Chemical Oxygen Demand (Cr),1
Jun-13,Chemical Oxygen Demand (Mn),0
Jun-13,Chlorides,0
Jun-13,Dissolved oxygen,0
Jun-13,Magnesium,0
Jun-13,Manganese,0
Jun-13,Nitrates,0
Jun-13,Nitrites,0
Jun-13,Orthophosphate-phosphorus,1
Jun-13,Oxygen saturation,1
Jun-13,Sulphates,0
Jun-13,Total dissolved salts,0
Jun-13,Total nitrogen,1
Jun-13,Total organic carbon,0
Jun-13,Total phosphorus,1
Jun-13,Water temperature,0
Jul-13,Ammonium,0
Jul-13,Anionic active surfactants,0
Jul-13,Bicarbonates,0
Jul-13,Biochemical Oxygen,0
Jul-13,Calcium,1
Jul-13,Chemical Oxygen Demand (Cr),1
Jul-13,Chemical Oxygen Demand (Mn),0
Jul-13,Chlorides,0
Jul-13,Dissolved oxygen,0
Jul-13,Magnesium,0
Jul-13,Manganese,0
Jul-13,Nitrates,0
Jul-13,Nitrites,0
Jul-13,Orthophosphate-phosphorus,1
Jul-13,Oxygen saturation,1
Jul-13,Sulphates,0
Jul-13,Total dissolved salts,1
Jul-13,Total nitrogen,1
Jul-13,Total organic carbon,0
Jul-13,Total phosphorus,1
Jul-13,Water temperature,0
Aug-13,Ammonium,0
Aug-13,Biochemical Oxygen,0
Aug-13,Chemical Oxygen Demand (Cr),0
Aug-13,Chemical Oxygen Demand (Mn),0
Aug-13,Dissolved oxygen,0
Aug-13,Nitrates,0
Aug-13,Nitrites,0
Aug-13,Orthophosphate-phosphorus,1
Aug-13,Oxygen saturation,1
Aug-13,Total nitrogen,1
Aug-13,Total organic carbon,0
Aug-13,Total phosphorus,1
Aug-13,Water temperature,0
Sep-13,Ammonium,0
Sep-13,Anionic active surfactants,0
Sep-13,Bicarbonates,0
Sep-13,Biochemical Oxygen,0
Sep-13,Calcium,0
Sep-13,Chemical Oxygen Demand (Cr),1
Sep-13,Chemical Oxygen Demand (Mn),0
Sep-13,Chlorides,1
Sep-13,Dissolved oxygen,1
Sep-13,Magnesium,0
Sep-13,Manganese,0
Sep-13,Nitrates,0
Sep-13,Nitrites,0
Sep-13,Orthophosphate-phosphorus,1
Sep-13,Oxygen saturation,1
Sep-13,Sulphates,0
Sep-13,Total dissolved salts,1
Sep-13,Total nitrogen,1
Sep-13,Total organic carbon,0
Sep-13,Total phosphorus,1
Sep-13,Water temperature,0
Oct-13,Ammonium,1
Oct-13,Biochemical Oxygen,0
Oct-13,Chemical Oxygen Demand (Cr),0
Oct-13,Chemical Oxygen Demand (Mn),0
Oct-13,Dissolved oxygen,0
Oct-13,Nitrates,0
Oct-13,Nitrites,0
Oct-13,Orthophosphate-phosphorus,1
Oct-13,Oxygen saturation,1
Oct-13,Total nitrogen,1
Oct-13,Total organic carbon,0
Oct-13,Total phosphorus,1
Oct-13,Water temperature,0
Nov-13,Ammonium,1
Nov-13,Anionic active surfactants,0
Nov-13,Bicarbonates,1
Nov-13,Biochemical Oxygen,0
Nov-13,Calcium,1
Nov-13,Chemical Oxygen Demand (Cr),1
Nov-13,Chemical Oxygen Demand (Mn),0
Nov-13,Chlorides,1
Nov-13,Dissolved oxygen,0
Nov-13,Magnesium,0
Nov-13,Manganese,0
Nov-13,Nitrates,0
Nov-13,Nitrites,0
Nov-13,Orthophosphate-phosphorus,2
Nov-13,Oxygen saturation,2
Nov-13,Sulphates,0
Nov-13,Total dissolved salts,1
Nov-13,Total nitrogen,2
Nov-13,Total organic carbon,0
Nov-13,Total phosphorus,2
Nov-13,Water temperature,0
Dec-13,Ammonium,1
Dec-13,Biochemical Oxygen,0
Dec-13,Chemical Oxygen Demand (Cr),0
Dec-13,Chemical Oxygen Demand (Mn),0
Dec-13,Dissolved oxygen,0
Dec-13,Nitrates,0
Dec-13,Nitrites,0
Dec-13,Orthophosphate-phosphorus,1
Dec-13,Oxygen saturation,1
Dec-13,Total nitrogen,1
Dec-13,Total phosphorus,1
Dec-13,Water temperature,0
Jan-14,Ammonium,2
Jan-14,Bicarbonates,1
Jan-14,Biochemical Oxygen,0
Jan-14,Calcium,1
Jan-14,Chemical Oxygen Demand (Cr),0
Jan-14,Chemical Oxygen Demand (Mn),0
Jan-14,Chlorides,1
Jan-14,Dissolved organic carbon,0
Jan-14,Dissolved oxygen,0
Jan-14,Magnesium,0
Jan-14,Manganese,0
Jan-14,Nitrates,0
Jan-14,Nitrites,0
Jan-14,Orthophosphate-phosphorus,1
Jan-14,Oxygen saturation,1
Jan-14,Petroleum hydrocarbons,1
Jan-14,Potassium,0
Jan-14,Sodium,1
Jan-14,Sulphates,0
Jan-14,Total dissolved salts,1
Jan-14,Total hardness,0
Jan-14,Total nitrogen,2
Jan-14,Total phosphorus,1
Jan-14,Water temperature,0
Mar-14,Ammonium,1
Mar-14,Bicarbonates,0
Mar-14,Biochemical Oxygen,0
Mar-14,Calcium,0
Mar-14,Chemical Oxygen Demand (Cr),1
Mar-14,Chemical Oxygen Demand (Mn),0
Mar-14,Chlorides,0
Mar-14,Dissolved organic carbon,0
Mar-14,Dissolved oxygen,0
Mar-14,Magnesium,0
Mar-14,Manganese,1
Mar-14,Nitrates,0
Mar-14,Nitrites,0
Mar-14,Orthophosphate-phosphorus,1
Mar-14,Oxygen saturation,1
Mar-14,Potassium,0
Mar-14,Sodium,1
Mar-14,Sulphates,0
Mar-14,Total dissolved salts,1
Mar-14,Total hardness,0
Mar-14,Total nitrogen,1
Mar-14,Total phosphorus,1
Mar-14,Water temperature,0
May-14,Ammonium,0
May-14,Biochemical Oxygen,0
May-14,Chemical Oxygen Demand (Cr),1
May-14,Chemical Oxygen Demand (Mn),0
May-14,Dissolved organic carbon,0
May-14,Nitrates,0
May-14,Nitrites,0
May-14,Orthophosphate-phosphorus,1
May-14,Total nitrogen,1
May-14,Total organic carbon,0
May-14,Total phosphorus,1
May-14,Water temperature,0
Jun-14,Ammonium,0
Jun-14,Anionic active surfactants,0
Jun-14,Bicarbonates,0
Jun-14,Biochemical Oxygen,0
Jun-14,Calcium,0
Jun-14,Chemical Oxygen Demand (Cr),1
Jun-14,Chemical Oxygen Demand (Mn),0
Jun-14,Chlorides,0
Jun-14,Dissolved organic carbon,0
Jun-14,Dissolved oxygen,0
Jun-14,Magnesium,0
Jun-14,Manganese,0
Jun-14,Nitrates,0
Jun-14,Nitrites,0
Jun-14,Orthophosphate-phosphorus,1
Jun-14,Oxygen saturation,1
Jun-14,Potassium,0
Jun-14,Sodium,1
Jun-14,Sulphates,0
Jun-14,Total dissolved salts,0
Jun-14,Total hardness,0
Jun-14,Total nitrogen,1
Jun-14,Total organic carbon,0
Jun-14,Total phosphorus,1
Jun-14,Water temperature,0
Jul-14,Ammonium,1
Jul-14,Biochemical Oxygen,0
Jul-14,Chemical Oxygen Demand (Cr),1
Jul-14,Chemical Oxygen Demand (Mn),1
Jul-14,Dissolved organic carbon,0
Jul-14,Dissolved oxygen,0
Jul-14,Nitrates,0
Jul-14,Nitrites,0
Jul-14,Orthophosphate-phosphorus,0
Jul-14,Oxygen saturation,1
Jul-14,Total nitrogen,1
Jul-14,Total organic carbon,0
Jul-14,Total phosphorus,1
Jul-14,Water temperature,0
Sep-14,Ammonium,2
Sep-14,Anionic active surfactants,0
Sep-14,Bicarbonates,0
Sep-14,Biochemical Oxygen,0
Sep-14,Calcium,0
Sep-14,Chemical Oxygen Demand (Cr),2
Sep-14,Chemical Oxygen Demand (Mn),0
Sep-14,Chlorides,1
Sep-14,Dissolved organic carbon,0
Sep-14,Dissolved oxygen,0
Sep-14,Magnesium,0
Sep-14,Manganese,1
Sep-14,Nitrates,0
Sep-14,Nitrites,0
Sep-14,Orthophosphate-phosphorus,0
Sep-14,Oxygen saturation,2
Sep-14,Potassium,0
Sep-14,Sodium,1
Sep-14,Sulphates,0
Sep-14,Total dissolved salts,2
Sep-14,Total hardness,0
Sep-14,Total nitrogen,2
Sep-14,Total organic carbon,0
Sep-14,Total phosphorus,2
Sep-14,Water temperature,0
Oct-14,Ammonium,2
Oct-14,Anionic active surfactants,0
Oct-14,Bicarbonates,0
Oct-14,Biochemical Oxygen,0
Oct-14,Calcium,1
Oct-14,Chemical Oxygen Demand (Cr),1
Oct-14,Chemical Oxygen Demand (Mn),0
Oct-14,Chlorides,2
Oct-14,Dissolved organic carbon,0
Oct-14,Dissolved oxygen,0
Oct-14,Magnesium,0
Oct-14,Manganese,0
Oct-14,Nitrates,0
Oct-14,Nitrites,0
Oct-14,Orthophosphate-phosphorus,2
Oct-14,Oxygen saturation,2
Oct-14,Petroleum hydrocarbons,2
Oct-14,Potassium,0
Oct-14,Sodium,1
Oct-14,Sulphates,0
Oct-14,Total dissolved salts,2
Oct-14,Total hardness,0
Oct-14,Total nitrogen,2
Oct-14,Total organic carbon,0
Oct-14,Total phosphorus,2
Oct-14,Water temperature,0
Nov-14,Ammonium,2
Nov-14,Anionic active surfactants,0
Nov-14,Bicarbonates,0
Nov-14,Biochemical Oxygen,0
Nov-14,Calcium,2
Nov-14,Chemical Oxygen Demand (Cr),2
Nov-14,Chemical Oxygen Demand (Mn),0
Nov-14,Chlorides,2
Nov-14,Dissolved organic carbon,0
Nov-14,Dissolved oxygen,0
Nov-14,Magnesium,0
Nov-14,Manganese,0
Nov-14,Nitrates,0
Nov-14,Nitrites,0
Nov-14,Orthophosphate-phosphorus,2
Nov-14,Oxygen saturation,2
Nov-14,Petroleum hydrocarbons,2
Nov-14,Sulphates,0
Nov-14,Total dissolved salts,2
Nov-14,Total hardness,0
Nov-14,Total nitrogen,2
Nov-14,Total organic carbon,0
Nov-14,Total phosphorus,2
Nov-14,Water temperature,0
Dec-14,Ammonium,2
Dec-14,Anionic active surfactants,0
Dec-14,Bicarbonates,0
Dec-14,Biochemical Oxygen,0
Dec-14,Calcium,2
Dec-14,Chemical Oxygen Demand (Cr),2
Dec-14,Chemical Oxygen Demand (Mn),0
Dec-14,Chlorides,2
Dec-14,Dissolved organic carbon,0
Dec-14,Dissolved oxygen,0
Dec-14,Magnesium,0
Dec-14,Manganese,0
Dec-14,Nitrates,0
Dec-14,Nitrites,0
Dec-14,Orthophosphate-phosphorus,2
Dec-14,Oxygen saturation,2
Dec-14,Sulphates,0
Dec-14,Total dissolved salts,2
Dec-14,Total hardness,0
Dec-14,Total nitrogen,2
Dec-14,Total organic carbon,0
Dec-14,Total phosphorus,2
Dec-14,Water temperature,0
Jan-15,Ammonium,1
Jan-15,Anionic active surfactants,0
Jan-15,Arsenic,0
Jan-15,Atrazine,0
Jan-15,Bicarbonates,1
Jan-15,Biochemical Oxygen,0
Jan-15,Calcium,1
Jan-15,Chemical Oxygen Demand (Cr),1
Jan-15,Chlorides,1
Jan-15,Dissolved oxygen,0
Jan-15,Magnesium,0
Jan-15,Manganese,1
Jan-15,Nitrates,0
Jan-15,Nitrites,0
Jan-15,Orthophosphate-phosphorus,1
Jan-15,Oxygen saturation,1
Jan-15,Petroleum hydrocarbons,0
Jan-15,Sulphates,0
Jan-15,Total dissolved salts,1
Jan-15,Total hardness,1
Jan-15,Total nitrogen,1
Jan-15,Total organic carbon,0
Jan-15,Total phosphorus,1
Jan-15,Water temperature,0
Jan-15,Zinc,0
Jan-15,gamma-Hexachlorocyclohexane,0
Jan-15,"p,p-DDT",0
Feb-15,Ammonium,1
Feb-15,Anionic active surfactants,0
Feb-15,Arsenic,0
Feb-15,Atrazine,0
Feb-15,Bicarbonates,0
Feb-15,Biochemical Oxygen,0
Feb-15,Calcium,1
Feb-15,Chemical Oxygen Demand (Cr),1
Feb-15,Chlorides,1
Feb-15,Dissolved oxygen,0
Feb-15,Magnesium,0
Feb-15,Manganese,0
Feb-15,Mercury,0
Feb-15,Nitrates,0
Feb-15,Nitrites,0
Feb-15,Orthophosphate-phosphorus,1
Feb-15,Oxygen saturation,1
Feb-15,Petroleum hydrocarbons,0
Feb-15,Sulphates,0
Feb-15,Total dissolved salts,1
Feb-15,Total hardness,1
Feb-15,Total nitrogen,1
Feb-15,Total organic carbon,0
Feb-15,Total phosphorus,1
Feb-15,Water temperature,0
Feb-15,Zinc,0
Feb-15,gamma-Hexachlorocyclohexane,0
Feb-15,"p,p-DDT",0
Mar-15,Ammonium,1
Mar-15,Anionic active surfactants,0
Mar-15,Atrazine,0
Mar-15,Bicarbonates,0
Mar-15,Biochemical Oxygen,1
Mar-15,Calcium,1
Mar-15,Chemical Oxygen Demand (Cr),1
Mar-15,Chlorides,0
Mar-15,Dissolved oxygen,0
Mar-15,Magnesium,0
Mar-15,Manganese,0
Mar-15,Mercury,0
Mar-15,Nitrates,0
Mar-15,Nitrites,0
Mar-15,Orthophosphate-phosphorus,0
Mar-15,Oxygen saturation,1
Mar-15,Petroleum hydrocarbons,0
Mar-15,Sulphates,0
Mar-15,Total dissolved salts,0
Mar-15,Total hardness,0
Mar-15,Total nitrogen,1
Mar-15,Total organic carbon,0
Mar-15,Total phosphorus,1
Mar-15,Water temperature,0
Mar-15,Zinc,1
Mar-15,gamma-Hexachlorocyclohexane,0
Mar-15,"p,p-DDT",0
Apr-15,Ammonium,1
Apr-15,Anionic active surfactants,0
Apr-15,Arsenic,0
Apr-15,Atrazine,0
Apr-15,Bicarbonates,0
Apr-15,Biochemical Oxygen,0
Apr-15,Calcium,1
Apr-15,Chemical Oxygen Demand (Cr),1
Apr-15,Chemical Oxygen Demand (Mn),0
Apr-15,Chlorides,0
Apr-15,Dissolved oxygen,0
Apr-15,Magnesium,0
Apr-15,Manganese,0
Apr-15,Mercury,0
Apr-15,Nitrates,0
Apr-15,Nitrites,0
Apr-15,Orthophosphate-phosphorus,1
Apr-15,Oxygen saturation,1
Apr-15,Petroleum hydrocarbons,1
Apr-15,Sulphates,0
Apr-15,Total dissolved salts,1
Apr-15,Total hardness,0
Apr-15,Total nitrogen,1
Apr-15,Total organic carbon,0
Apr-15,Total phosphorus,1
Apr-15,Water temperature,0
Apr-15,Zinc,1
Apr-15,gamma-Hexachlorocyclohexane,0
Apr-15,"p,p-DDT",0
May-15,Ammonium,1
May-15,Anionic active surfactants,0
May-15,Arsenic,0
May-15,Atrazine,0
May-15,Bicarbonates,0
May-15,Biochemical Oxygen,0
May-15,Calcium,1
May-15,Chemical Oxygen Demand (Cr),0
May-15,Chemical Oxygen Demand (Mn),0
May-15,Chlorides,0
May-15,Dissolved oxygen,0
May-15,Magnesium,0
May-15,Manganese,0
May-15,Nitrates,0
May-15,Nitrites,0
May-15,Orthophosphate-phosphorus,1
May-15,Oxygen saturation,1
May-15,Petroleum hydrocarbons,1
May-15,Sulphates,0
May-15,Total dissolved salts,0
May-15,Total hardness,0
May-15,Total nitrogen,1
May-15,Total organic carbon,0
May-15,Total phosphorus,1
May-15,Water temperature,0
May-15,Zinc,0
May-15,gamma-Hexachlorocyclohexane,0
May-15,"p,p-DDT",0
Jun-15,Ammonium,1
Jun-15,Anionic active surfactants,0
Jun-15,Arsenic,0
Jun-15,Atrazine,0
Jun-15,Bicarbonates,0
Jun-15,Biochemical Oxygen,0
Jun-15,Calcium,1
Jun-15,Chemical Oxygen Demand (Cr),1
Jun-15,Chemical Oxygen Demand (Mn),0
Jun-15,Chlorides,0
Jun-15,Dissolved oxygen,0
Jun-15,Magnesium,0
Jun-15,Manganese,0
Jun-15,Nitrates,0
Jun-15,Nitrites,0
Jun-15,Orthophosphate-phosphorus,1
Jun-15,Oxygen saturation,1
Jun-15,Petroleum hydrocarbons,1
Jun-15,Sulphates,0
Jun-15,Total dissolved salts,0
Jun-15,Total hardness,0
Jun-15,Total nitrogen,1
Jun-15,Total organic carbon,0
Jun-15,Total phosphorus,1
Jun-15,Water temperature,0
Jun-15,Zinc,0
Jun-15,gamma-Hexachlorocyclohexane,0
Jun-15,"p,p-DDT",0
Jul-15,Ammonium,1
Jul-15,Anionic active surfactants,0
Jul-15,Arsenic,0
Jul-15,Atrazine,0
Jul-15,Bicarbonates,0
Jul-15,Biochemical Oxygen,0
Jul-15,Calcium,0
Jul-15,Chemical Oxygen Demand (Cr),1
Jul-15,Chemical Oxygen Demand (Mn),0
Jul-15,Chlorides,0
Jul-15,Dissolved oxygen,0
Jul-15,Magnesium,0
Jul-15,Manganese,0
Jul-15,Nitrates,0
Jul-15,Nitrites,0
Jul-15,Orthophosphate-phosphorus,1
Jul-15,Oxygen saturation,1
Jul-15,Petroleum hydrocarbons,0
Jul-15,Sulphates,0
Jul-15,Total dissolved salts,1
Jul-15,Total hardness,0
Jul-15,Total nitrogen,1
Jul-15,Total organic carbon,0
Jul-15,Total phosphorus,1
Jul-15,Water temperature,0
Jul-15,Zinc,1
Jul-15,gamma-Hexachlorocyclohexane,0
Jul-15,"p,p-DDT",0
Aug-15,Ammonium,1
Aug-15,Anionic active surfactants,0
Aug-15,Arsenic,0
Aug-15,Atrazine,0
Aug-15,Bicarbonates,0
Aug-15,Biochemical Oxygen,0
Aug-15,Calcium,0
Aug-15,Chemical Oxygen Demand (Cr),1
Aug-15,Chlorides,0
Aug-15,Dissolved oxygen,0
Aug-15,Magnesium,0
Aug-15,Manganese,0
Aug-15,Mercury,0
Aug-15,Nitrates,0
Aug-15,Nitrites,0
Aug-15,Orthophosphate-phosphorus,0
Aug-15,Oxygen saturation,1
Aug-15,Petroleum hydrocarbons,0
Aug-15,Sulphates,0
Aug-15,Total dissolved salts,0
Aug-15,Total hardness,0
Aug-15,Total nitrogen,1
Aug-15,Total organic carbon,0
Aug-15,Total phosphorus,1
Aug-15,Water temperature,0
Aug-15,Zinc,0
Aug-15,gamma-Hexachlorocyclohexane,0
Aug-15,"p,p-DDT",0
Sep-15,Ammonium,0
Sep-15,Anionic active surfactants,0
Sep-15,Arsenic,0
Sep-15,Atrazine,0
Sep-15,Bicarbonates,0
Sep-15,Biochemical Oxygen,0
Sep-15,Calcium,0
Sep-15,Chemical Oxygen Demand (Cr),1
Sep-15,Chemical Oxygen Demand (Mn),0
Sep-15,Chlorides,0
Sep-15,Dissolved oxygen,0
Sep-15,Magnesium,0
Sep-15,Manganese,0
Sep-15,Nitrates,0
Sep-15,Nitrites,0
Sep-15,Orthophosphate-phosphorus,1
Sep-15,Oxygen saturation,1
Sep-15,Petroleum hydrocarbons,1
Sep-15,Sulphates,0
Sep-15,Total dissolved salts,0
Sep-15,Total hardness,0
Sep-15,Total nitrogen,1
Sep-15,Total organic carbon,0
Sep-15,Total phosphorus,1
Sep-15,Water temperature,0
Sep-15,Zinc,1
Sep-15,gamma-Hexachlorocyclohexane,0
Sep-15,"p,p-DDT",0
Oct-15,Ammonium,1
Oct-15,Anionic active surfactants,0
Oct-15,Atrazine,0
Oct-15,Bicarbonates,0
Oct-15,Biochemical Oxygen,0
Oct-15,Calcium,1
Oct-15,Chemical Oxygen Demand (Cr),1
Oct-15,Chemical Oxygen Demand (Mn),0
Oct-15,Chlorides,0
Oct-15,Dissolved oxygen,0
Oct-15,Magnesium,0
Oct-15,Manganese,0
Oct-15,Nitrates,0
Oct-15,Nitrites,0
Oct-15,Orthophosphate-phosphorus,1
Oct-15,Oxygen saturation,1
Oct-15,Petroleum hydrocarbons,0
Oct-15,Sulphates,0
Oct-15,Total dissolved salts,0
Oct-15,Total hardness,0
Oct-15,Total nitrogen,1
Oct-15,Total organic carbon,0
Oct-15,Total phosphorus,1
Oct-15,Water temperature,0
Oct-15,Zinc,0
Oct-15,gamma-Hexachlorocyclohexane,0
Oct-15,"p,p-DDT",0
Nov-15,Ammonium,0
Nov-15,Anionic active surfactants,0
Nov-15,Arsenic,0
Nov-15,Atrazine,0
Nov-15,Bicarbonates,0
Nov-15,Biochemical Oxygen,0
Nov-15,Calcium,1
Nov-15,Chemical Oxygen Demand (Cr),1
Nov-15,Chemical Oxygen Demand (Mn),0
Nov-15,Chlorides,0
Nov-15,Dissolved oxygen,0
Nov-15,Magnesium,0
Nov-15,Manganese,0
Nov-15,Nitrates,0
Nov-15,Nitrites,0
Nov-15,Orthophosphate-phosphorus,1
Nov-15,Oxygen saturation,1
Nov-15,Petroleum hydrocarbons,0
Nov-15,Sulphates,0
Nov-15,Total dissolved salts,1
Nov-15,Total hardness,0
Nov-15,Total nitrogen,1
Nov-15,Total organic carbon,0
Nov-15,Total phosphorus,1
Nov-15,Water temperature,0
Nov-15,Zinc,0
Nov-15,gamma-Hexachlorocyclohexane,0
Nov-15,"p,p-DDT",0
Dec-15,Ammonium,1
Dec-15,Anionic active surfactants,0
Dec-15,Arsenic,0
Dec-15,Atrazine,0
Dec-15,Bicarbonates,0
Dec-15,Biochemical Oxygen,0
Dec-15,Calcium,1
Dec-15,Chemical Oxygen Demand (Cr),1
Dec-15,Chemical Oxygen Demand (Mn),0
Dec-15,Chlorides,0
Dec-15,Dissolved oxygen,0
Dec-15,Magnesium,0
Dec-15,Manganese,0
Dec-15,Nitrates,0
Dec-15,Nitrites,0
Dec-15,Orthophosphate-phosphorus,1
Dec-15,Oxygen saturation,1
Dec-15,Petroleum hydrocarbons,0
Dec-15,Sulphates,0
Dec-15,Total dissolved salts,1
Dec-15,Total hardness,0
Dec-15,Total nitrogen,1
Dec-15,Total organic carbon,0
Dec-15,Total phosphorus,1
Dec-15,Water temperature,0
Dec-15,Zinc,0
Dec-15,gamma-Hexachlorocyclohexane,0
Dec-15,"p,p-DDT",0
Feb-16,Ammonium,2
Feb-16,Anionic active surfactants,0
Feb-16,Atrazine,0
Feb-16,Bicarbonates,0
Feb-16,Biochemical Oxygen,1
Feb-16,Calcium,2
Feb-16,Chemical Oxygen Demand (Cr),2
Feb-16,Chemical Oxygen Demand (Mn),0
Feb-16,Chlorides,0
Feb-16,Dissolved oxygen,0
Feb-16,Magnesium,0
Feb-16,Nitrates,0
Feb-16,Nitrites,0
Feb-16,Orthophosphate-phosphorus,2
Feb-16,Oxygen saturation,2
Feb-16,Petroleum hydrocarbons,1
Feb-16,Sulphates,0
Feb-16,Total dissolved salts,2
Feb-16,Total hardness,0
Feb-16,Total nitrogen,2
Feb-16,Total phosphorus,2
Feb-16,Water temperature,0
Feb-16,gamma-Hexachlorocyclohexane,0
Feb-16,"p,p-DDT",0
Mar-16,Ammonium,1
Mar-16,Anionic active surfactants,0
Mar-16,Bicarbonates,0
Mar-16,Biochemical Oxygen,0
Mar-16,Calcium,0
Mar-16,Chemical Oxygen Demand (Cr),1
Mar-16,Chemical Oxygen Demand (Mn),0
Mar-16,Chlorides,0
Mar-16,Dissolved oxygen,0
Mar-16,Macrozoobenthos,0
Mar-16,Magnesium,0
Mar-16,Nitrates,0
Mar-16,Nitrites,0
Mar-16,Orthophosphate-phosphorus,1
Mar-16,Oxygen saturation,1
Mar-16,Petroleum hydrocarbons,1
Mar-16,Sulphates,0
Mar-16,Total dissolved salts,1
Mar-16,Total hardness,0
Mar-16,Total nitrogen,1
Mar-16,Total phosphorus,1
Mar-16,Water temperature,0
Mar-16,gamma-Hexachlorocyclohexane,0
Mar-16,"p,p-DDT",0
Apr-16,Ammonium,0
Apr-16,Anionic active surfactants,0
Apr-16,Atrazine,0
Apr-16,Bicarbonates,0
Apr-16,Biochemical Oxygen,0
Apr-16,Calcium,1
Apr-16,Chemical Oxygen Demand (Cr),1
Apr-16,Chemical Oxygen Demand (Mn),0
Apr-16,Chlorides,0
Apr-16,Dissolved oxygen,0
Apr-16,Magnesium,0
Apr-16,Nitrates,0
Apr-16,Nitrites,0
Apr-16,Orthophosphate-phosphorus,1
Apr-16,Oxygen saturation,1
Apr-16,Petroleum hydrocarbons,1
Apr-16,Sulphates,0
Apr-16,Total dissolved salts,1
Apr-16,Total hardness,0
Apr-16,Total nitrogen,1
Apr-16,Total phosphorus,1
Apr-16,Water temperature,0
Apr-16,gamma-Hexachlorocyclohexane,0
Apr-16,"p,p-DDT",0
May-16,Ammonium,1
May-16,Anionic active surfactants,0
May-16,Atrazine,0
May-16,Bicarbonates,0
May-16,Biochemical Oxygen,0
May-16,Calcium,1
May-16,Chemical Oxygen Demand (Cr),1
May-16,Chemical Oxygen Demand (Mn),0
May-16,Chlorides,0
May-16,Dissolved oxygen,0
May-16,Magnesium,0
May-16,Nitrates,0
May-16,Nitrites,0
May-16,Orthophosphate-phosphorus,1
May-16,Oxygen saturation,1
May-16,Petroleum hydrocarbons,1
May-16,Sulphates,0
May-16,Total dissolved salts,0
May-16,Total hardness,0
May-16,Total nitrogen,1
May-16,Total phosphorus,1
May-16,Water temperature,0
May-16,gamma-Hexachlorocyclohexane,0
May-16,"p,p-DDT",0
Jun-16,Ammonium,0
Jun-16,Anionic active surfactants,0
Jun-16,Atrazine,0
Jun-16,Bicarbonates,0
Jun-16,Biochemical Oxygen,0
Jun-16,Calcium,0
Jun-16,Chemical Oxygen Demand (Cr),1
Jun-16,Chemical Oxygen Demand (Mn),0
Jun-16,Chlorides,0
Jun-16,Dissolved oxygen,0
Jun-16,Magnesium,0
Jun-16,Nitrates,0
Jun-16,Nitrites,0
Jun-16,Orthophosphate-phosphorus,1
Jun-16,Oxygen saturation,1
Jun-16,Petroleum hydrocarbons,1
Jun-16,Sulphates,0
Jun-16,Total dissolved salts,0
Jun-16,Total hardness,0
Jun-16,Total nitrogen,1
Jun-16,Total phosphorus,1
Jun-16,Water temperature,0
Jun-16,gamma-Hexachlorocyclohexane,0
Jun-16,"p,p-DDT",0
Jul-16,Ammonium,1
Jul-16,Atrazine,0
Jul-16,Bicarbonates,0
Jul-16,Biochemical Oxygen,0
Jul-16,Calcium,1
Jul-16,Chemical Oxygen Demand (Cr),1
Jul-16,Chemical Oxygen Demand (Mn),0
Jul-16,Chlorides,0
Jul-16,Dissolved oxygen,0
Jul-16,Magnesium,0
Jul-16,Nitrates,0
Jul-16,Nitrites,0
Jul-16,Orthophosphate-phosphorus,1
Jul-16,Oxygen saturation,1
Jul-16,Petroleum hydrocarbons,1
Jul-16,Sulphates,0
Jul-16,Total dissolved salts,0
Jul-16,Total hardness,0
Jul-16,Total nitrogen,1
Jul-16,Total phosphorus,1
Jul-16,Water temperature,0
Jul-16,gamma-Hexachlorocyclohexane,0
Jul-16,"p,p-DDT",0
Aug-16,Ammonium,0
Aug-16,Anionic active surfactants,0
Aug-16,Atrazine,0
Aug-16,Bicarbonates,0
Aug-16,Biochemical Oxygen,0
Aug-16,Calcium,1
Aug-16,Chemical Oxygen Demand (Cr),1
Aug-16,Chlorides,0
Aug-16,Dissolved oxygen,0
Aug-16,Magnesium,0
Aug-16,Nitrates,0
Aug-16,Nitrites,0
Aug-16,Orthophosphate-phosphorus,1
Aug-16,Oxygen saturation,1
Aug-16,Petroleum hydrocarbons,1
Aug-16,Sulphates,0
Aug-16,Total dissolved salts,0
Aug-16,Total hardness,0
Aug-16,Total nitrogen,1
Aug-16,Total phosphorus,1
Aug-16,Water temperature,0
Aug-16,gamma-Hexachlorocyclohexane,0
Aug-16,"p,p-DDT",0
Sep-16,Ammonium,0
Sep-16,Atrazine,0
Sep-16,Bicarbonates,0
Sep-16,Biochemical Oxygen,0
Sep-16,Calcium,0
Sep-16,Chemical Oxygen Demand (Cr),1
Sep-16,Chemical Oxygen Demand (Mn),0
Sep-16,Chlorides,0
Sep-16,Dissolved oxygen,0
Sep-16,Macrozoobenthos,0
Sep-16,Magnesium,0
Sep-16,Nitrates,0
Sep-16,Nitrites,0
Sep-16,Orthophosphate-phosphorus,1
Sep-16,Oxygen saturation,1
Sep-16,Petroleum hydrocarbons,0
Sep-16,Sulphates,0
Sep-16,Total dissolved salts,0
Sep-16,Total hardness,0
Sep-16,Total nitrogen,1
Sep-16,Total phosphorus,1
Sep-16,Water temperature,0
Sep-16,gamma-Hexachlorocyclohexane,0
Sep-16,"p,p-DDT",0
Oct-16,Ammonium,0
Oct-16,Anionic active surfactants,0
Oct-16,Atrazine,0
Oct-16,Bicarbonates,0
Oct-16,Biochemical Oxygen,0
Oct-16,Calcium,1
Oct-16,Chemical Oxygen Demand (Cr),1
Oct-16,Chemical Oxygen Demand (Mn),0
Oct-16,Chlorides,0
Oct-16,Dissolved oxygen,0
Oct-16,Magnesium,0
Oct-16,Nitrates,0
Oct-16,Nitrites,0
Oct-16,Orthophosphate-phosphorus,1
Oct-16,Oxygen saturation,1
Oct-16,Petroleum hydrocarbons,1
Oct-16,Sulphates,0
Oct-16,Total dissolved salts,1
Oct-16,Total hardness,0
Oct-16,Total nitrogen,1
Oct-16,Total phosphorus,1
Oct-16,Water temperature,0
Oct-16,gamma-Hexachlorocyclohexane,0
Oct-16,"p,p-DDT",0
Nov-16,Ammonium,1
Nov-16,Anionic active surfactants,0
Nov-16,Atrazine,0
Nov-16,Bicarbonates,0
Nov-16,Biochemical Oxygen,0
Nov-16,Calcium,1
Nov-16,Chemical Oxygen Demand (Cr),1
Nov-16,Chemical Oxygen Demand (Mn),0
Nov-16,Chlorides,0
Nov-16,Dissolved oxygen,0
Nov-16,Magnesium,0
Nov-16,Nitrates,0
Nov-16,Nitrites,0
Nov-16,Orthophosphate-phosphorus,1
Nov-16,Oxygen saturation,1
Nov-16,Petroleum hydrocarbons,1
Nov-16,Sulphates,0
Nov-16,Total dissolved salts,0
Nov-16,Total hardness,0
Nov-16,Total nitrogen,1
Nov-16,Total phosphorus,1
Nov-16,Water temperature,0
Nov-16,gamma-Hexachlorocyclohexane,0
Nov-16,"p,p-DDT",0
Dec-16,Ammonium,1
Dec-16,Anionic active surfactants,0
Dec-16,Bicarbonates,0
Dec-16,Biochemical Oxygen,0
Dec-16,Calcium,1
Dec-16,Chemical Oxygen Demand (Cr),1
Dec-16,Chlorides,0
Dec-16,Dissolved oxygen,0
Dec-16,Magnesium,0
Dec-16,Nitrates,0
Dec-16,Nitrites,0
Dec-16,Orthophosphate-phosphorus,1
Dec-16,Oxygen saturation,1
Dec-16,Sulphates,0
Dec-16,Total dissolved salts,1
Dec-16,Total hardness,1
Dec-16,Total nitrogen,1
Dec-16,Total phosphorus,1
Dec-16,Water temperature,0
